DROP TABLE IF EXISTS "Ilot";
CREATE TABLE "Ilot" ("id" INTEGER PRIMARY KEY  AUTOINCREMENT  NOT NULL  UNIQUE , "name" VARCHAR, "texture" VARCHAR);
INSERT INTO "Ilot" VALUES(1,'Sigmund Freud','p_sigmundfreud.jpg');
INSERT INTO "Ilot" VALUES(2,'autre','autre.jpg');
INSERT INTO "Ilot" VALUES(3,'encore un autre','encoreUnAutre.jpg');
DROP TABLE IF EXISTS "Link";
CREATE TABLE "Link" ("id" INTEGER PRIMARY KEY  NOT NULL ,"idTheme" INTEGER,"idPole" INTEGER,"idIlot" INTEGER,"idMediaWrapContent" INTEGER);
INSERT INTO "Link" VALUES(1,1,1,1,1);
INSERT INTO "Link" VALUES(2,1,1,1,2);
INSERT INTO "Link" VALUES(3,1,1,1,3);
INSERT INTO "Link" VALUES(4,1,1,1,4);
INSERT INTO "Link" VALUES(5,1,1,1,5);
INSERT INTO "Link" VALUES(6,1,1,2,6);
INSERT INTO "Link" VALUES(7,1,1,2,7);
INSERT INTO "Link" VALUES(8,1,1,2,8);
INSERT INTO "Link" VALUES(9,1,1,3,9);
INSERT INTO "Link" VALUES(10,1,1,3,10);
INSERT INTO "Link" VALUES(11,1,1,3,11);
INSERT INTO "Link" VALUES(12,1,1,3,12);
INSERT INTO "Link" VALUES(13,1,1,2,2);
INSERT INTO "Link" VALUES(14,1,2,3,13);
DROP TABLE IF EXISTS "MediaContent";
CREATE TABLE "MediaContent" ("id" INTEGER PRIMARY KEY  AUTOINCREMENT  NOT NULL  UNIQUE , "name" VARCHAR, "source" VARCHAR, "legend" VARCHAR, "contentText" VARCHAR, "orderText" INTEGER, "type" VARCHAR, "thumbnailVideo" VARCHAR);
INSERT INTO "MediaContent" VALUES(1,'chap1',NULL,NULL,'blablabla',1,'text',NULL);
INSERT INTO "MediaContent" VALUES(2,'chap2',NULL,NULL,'blablabla',2,'text',NULL);
INSERT INTO "MediaContent" VALUES(3,'chap3',NULL,NULL,'blablabla',3,'text',NULL);
INSERT INTO "MediaContent" VALUES(4,'chap4',NULL,NULL,'blablabla',4,'text',NULL);
INSERT INTO "MediaContent" VALUES(5,'chap5',NULL,NULL,'blablabla',5,'text',NULL);
INSERT INTO "MediaContent" VALUES(6,'image 1','imag1.jpg','blablabla','','','picture',NULL);
INSERT INTO "MediaContent" VALUES(7,'image 2','image2.jpg','blablabla','','','picture',NULL);
INSERT INTO "MediaContent" VALUES(8,'image 3','image3.jpg','blablabla <tag link="14">d''autres films</tag>','','','picture',NULL);
INSERT INTO "MediaContent" VALUES(9,'video 1','video1.wmv','blablabla','','','movie','video1_tb.jpg');
INSERT INTO "MediaContent" VALUES(10,'video 2','video2.wmv','blablabla','','','movie','video2_tb.jpg');
INSERT INTO "MediaContent" VALUES(11,'video 3','video3.wmv','blablabla','','','movie','video3_tb.jpg');
INSERT INTO "MediaContent" VALUES(12,'son 1','son1.mp3','blablabla','','','sound',NULL);
INSERT INTO "MediaContent" VALUES(13,'nouvelle vidéo','nouvelleVideo.wmv','blablabla',NULL,NULL,'movie','nouvelleVideo_tb.jpg');
DROP TABLE IF EXISTS "MediaWrap";
CREATE TABLE "MediaWrap" ("id" INTEGER PRIMARY KEY  AUTOINCREMENT  NOT NULL  UNIQUE , "name" VARCHAR);
INSERT INTO "MediaWrap" VALUES(1,'biographie');
INSERT INTO "MediaWrap" VALUES(2,'portfolio');
INSERT INTO "MediaWrap" VALUES(3,'ses films');
INSERT INTO "MediaWrap" VALUES(4,'d''autres films');
DROP TABLE IF EXISTS "MediaWrapContent";
CREATE TABLE "MediaWrapContent" ("idMediaWrap" INTEGER, "idMediaContent" INTEGER);
INSERT INTO "MediaWrapContent" VALUES(1,1);
INSERT INTO "MediaWrapContent" VALUES(1,2);
INSERT INTO "MediaWrapContent" VALUES(1,3);
INSERT INTO "MediaWrapContent" VALUES(1,4);
INSERT INTO "MediaWrapContent" VALUES(1,5);
INSERT INTO "MediaWrapContent" VALUES(2,6);
INSERT INTO "MediaWrapContent" VALUES(2,7);
INSERT INTO "MediaWrapContent" VALUES(2,8);
INSERT INTO "MediaWrapContent" VALUES(3,9);
INSERT INTO "MediaWrapContent" VALUES(3,10);
INSERT INTO "MediaWrapContent" VALUES(3,11);
INSERT INTO "MediaWrapContent" VALUES(3,12);
INSERT INTO "MediaWrapContent" VALUES(4,13);
DROP TABLE IF EXISTS "Pole";
CREATE TABLE "Pole" ("id" INTEGER PRIMARY KEY  AUTOINCREMENT  NOT NULL  UNIQUE , "name" VARCHAR, "color" VARCHAR);
INSERT INTO "Pole" VALUES(1,'psychanalyse','#4ca3d1');
INSERT INTO "Pole" VALUES(2,'interprétation du rêve','#00ff00');
DROP TABLE IF EXISTS "Theme";
CREATE TABLE "Theme" ("id" INTEGER PRIMARY KEY  AUTOINCREMENT  NOT NULL  UNIQUE , "name" VARCHAR);
INSERT INTO "Theme" VALUES(1,'le rêve');
